name,distance,density,population,jewish,salary,bagrut,seindex,periphery,pop,type,u,d,l,p
הגליל העליון,,,18610,95.03492745835572,9217.989627838993,69.89795918367348,0.5820825280781603,-1.235,42349.422970592976,fixed,54446.94410816454,85862.12707619459,19.966826598388163,23613.160136938095
הגליל העליון,,,18610,95.03492745835572,9217.989627838993,69.89795918367348,0.5820825280781603,-1.235,42349.422970592976,mobile,18727.933316110306,58207.63676960811,25.886573194625168,22198.85472726822
קריית שמונה,161.4,1565.2,22512,89.04140014214641,7920.294982650548,63.39869281045751,-0.03702927671507155,-1.245,23466.038120269775,fixed,21355.856907185735,148286.196260064,13.751231846558404,20940.132471084595
קריית שמונה,161.4,1565.2,22512,89.04140014214641,7920.294982650548,63.39869281045751,-0.03702927671507155,-1.245,23466.038120269775,mobile,10270.045216067889,28884.128851394613,30.022893876506995,22132.97463607788
מטה אשר,,,29705,81.9754915162941,11060.506491534892,73.36448598130842,0.6156444760470301,-0.469,77103.56680929661,fixed,31108.198710481207,83334.20938287796,15.96958986097587,50808.15687561035
מטה אשר,,,29705,81.9754915162941,11060.506491534892,73.36448598130842,0.6156444760470301,-0.469,77103.56680929661,mobile,14094.874355363132,54272.263972898174,26.21995973201011,53144.86924517155
מרום הגליל,,,15524,82.39500128832775,8532.692833204434,68.46473029045643,0.06297049201833263,-0.899,20813.090782403946,mobile,12432.911248927783,48499.36439974407,29.916778068006963,11293.725727915764
נהרייה,106.1,5088,58096,85.52568163040485,9571.905038695686,71.4859437751004,0.3305788917213236,-0.306,46433.45708847046,fixed,27402.16454282799,169823.10918179952,12.560901687531349,44243.21134567261
נהרייה,106.1,5088,58096,85.52568163040485,9571.905038695686,71.4859437751004,0.3305788917213236,-0.306,46433.45708847046,mobile,11390.2383964308,34948.3164497384,29.47920173354221,42526.470905303955
מעלות-תרשיחא,122.9,2358,21836,65.5431397691885,8647.086835043643,69.73293768545994,0.04178687084438838,-0.65,14673.419134497643,fixed,17344.846339745465,118643.81717130686,14.34363258018905,14034.767181396484
מעלות-תרשיחא,122.9,2358,21836,65.5431397691885,8647.086835043643,69.73293768545994,0.04178687084438838,-0.65,14673.419134497643,mobile,12060.568613086522,55161.14499203351,25.832617199500998,13304.014671325684
חצור הגלילית,135.4,1697.1,9272,97.17428817946505,7487.8397005772,50.78125,-0.4222556279732292,-0.957,13083.180274963379,fixed,5644.225784882106,93557.42660664172,16.17581390897789,12219.064878940582
צפת,141.1,1205.6,36094,93.33684268853548,6370.0950782134405,48.19047619047619,-1.1808292879373896,-0.942,22561.607868909836,fixed,23485.213721511846,113214.76835030626,13.11966881731599,20197.790296554565
צפת,141.1,1205.6,36094,93.33684268853548,6370.0950782134405,48.19047619047619,-1.1808292879373896,-0.942,22561.607868909836,mobile,13484.806109090423,32866.52495050907,29.65587366837821,20853.357409477234
אבו סנאן,106.5,2105.9,14099,,6831.8933463796475,65.8119658119658,-0.7921041984563575,-0.269,13622.750861763954,fixed,14854.915240764489,50751.41850387674,15.739425166223887,11569.773454666138
ירכא,109.0,1100.6,17171,,7154.48874818728,80.92105263157895,-0.787394737510776,-0.336,19204.002183437347,fixed,31229.88820943133,81299.68398717033,11.988639965171274,19167.46824502945
ירכא,109.0,1100.6,17171,,7154.48874818728,80.92105263157895,-0.787394737510776,-0.336,19204.002183437347,mobile,9461.849096101841,37256.24807784582,32.061786036736095,13547.465597629547
משגב,,,29094,72.48917302536606,12373.331080255959,76.64092664092664,0.7468335869896998,-0.473,31261.924313008785,fixed,37799.65370544323,82428.1330062105,16.370363748735038,19764.456980347633
משגב,,,29094,72.48917302536606,12373.331080255959,76.64092664092664,0.7468335869896998,-0.473,31261.924313008785,mobile,11043.528816132768,41622.18833186092,29.618067232826927,13484.26078593731
עכו,97.2,3473.5,49380,59.47549615228838,7582.539153136205,70.88414634146342,-0.38009133179447985,-0.071,43798.357342243195,fixed,32013.138732955267,160351.29670181964,13.137787057714162,36591.23625278473
עכו,97.2,3473.5,49380,59.47549615228838,7582.539153136205,70.88414634146342,-0.38009133179447985,-0.071,43798.357342243195,mobile,11186.499340158964,21541.534937761586,31.42576650268562,40044.1426448822
ג'דיידה-מכר,101.4,2327.3,21163,,6229.070961768871,61.495844875346265,-0.992903254340367,-0.161,12699.050695180893,fixed,5217.506405203739,38231.54588529758,21.87174873042305,10720.698548793793
ג'דיידה-מכר,101.4,2327.3,21163,,6229.070961768871,61.495844875346265,-0.992903254340367,-0.161,12699.050695180893,mobile,5440.4640393188765,16997.704138219495,36.51787990168016,10142.346457004547
עמק הירדן,,,13877,93.47121135692153,9070.570280359592,81.21212121212122,0.43240648994223324,-0.796,31292.673980653286,fixed,41065.44503461124,82823.57173309995,13.438868463116535,19217.34972691536
עמק הירדן,,,13877,93.47121135692153,9070.570280359592,81.21212121212122,0.43240648994223324,-0.796,31292.673980653286,mobile,14913.897415017613,46650.11483075595,28.662772668004497,18127.859295129776
מג'ד אל-כרום,109.2,1670.6,15455,,6120.26463881124,65.18987341772153,-0.8595793270116472,-0.254,13955.414009094238,fixed,12115.41269341064,57478.02060201997,17.30068718876268,11183.463759422302
מג'ד אל-כרום,109.2,1670.6,15455,,6120.26463881124,65.18987341772153,-0.8595793270116472,-0.254,13955.414009094238,mobile,5073.1682776583475,20836.88437245561,31.621484331287363,11506.421533584595
מגאר,113.9,1108.8,22957,,6918.322488999757,76.5909090909091,-0.9435507644504081,-0.523,19300.335102796555,fixed,53909.37893210548,83987.10612083941,16.783989967425025,18108.815485715866
מגאר,113.9,1108.8,22957,,6918.322488999757,76.5909090909091,-0.9435507644504081,-0.523,19300.335102796555,mobile,6329.065321347477,28893.072087108998,30.004508250350458,11974.067933321
טמרה,96.3,1155.3,34392,,6089.859782711832,60.245901639344254,-0.9223990278990576,-0.067,28190.814213514328,fixed,10265.56000490343,97739.96237645659,14.874310145551387,23657.590806007385
טמרה,96.3,1155.3,34392,,6089.859782711832,60.245901639344254,-0.9223990278990576,-0.067,28190.814213514328,mobile,8917.786215200582,19661.82629877245,29.918409622268324,18797.290911197662
סח'נין,106.3,2749.8,31702,,6617.165072760014,70.91561938958706,-0.7236274902779135,-0.275,21513.635669350624,fixed,8443.460475278156,45659.40809217236,20.561033064797225,20455.159908294678
סח'נין,106.3,2749.8,31702,,6617.165072760014,70.91561938958706,-0.7236274902779135,-0.275,21513.635669350624,mobile,7871.18048283728,22307.02508449263,29.677875724638948,17531.094620466232
קריית ביאליק,86.7,4689,40231,90.73102831150108,9569.52483692107,78.88888888888889,0.5077969559049714,0.48,28274.04381608963,fixed,35385.606613309355,177127.7248912092,11.19085588128954,26224.991926193237
קריית ביאליק,86.7,4689,40231,90.73102831150108,9569.52483692107,78.88888888888889,0.5077969559049714,0.48,28274.04381608963,mobile,13705.080323341643,47490.030514899314,27.610986434776574,26839.62833881378
עראבה,109.6,3075.8,25833,,6592.854868240931,77.6536312849162,-0.9682283394322886,-0.344,15284.686529636383,fixed,4041.604593826809,33412.394884336645,31.443770652069936,14883.195631980896
עראבה,109.6,3075.8,25833,,6592.854868240931,77.6536312849162,-0.9682283394322886,-0.344,15284.686529636383,mobile,4107.31836586367,7947.664368125124,46.19246441641677,10205.33591890335
קריית ים,86.2,3915,39897,83.78324184775798,7965.664138750774,66.91919191919192,0.002170474642985268,0.432,22740.47946548462,fixed,27986.551611274634,157348.04729967847,11.892909426593343,21814.147563934326
קריית ים,86.2,3915,39897,83.78324184775798,7965.664138750774,66.91919191919192,0.002170474642985268,0.432,22740.47946548462,mobile,11695.420158425186,31975.135318334545,29.04221481429468,21968.224048614502
קריית מוצקין,86.2,11290.9,43303,90.1253954691361,10041.695672271966,79.14893617021276,0.5907096347900875,0.492,23373.77808189392,fixed,37841.04930628595,179754.47049435385,11.565873761481539,23373.77808189392
קריית מוצקין,86.2,11290.9,43303,90.1253954691361,10041.695672271966,79.14893617021276,0.5907096347900875,0.492,23373.77808189392,mobile,13681.666829931977,37047.41239363226,26.95235696232493,23373.77808189392
אעבלין,93.3,1105.4,13305,,6609.757156741473,58.13008130081301,-0.771198249168938,0.061,13515.168580770493,fixed,6293.778918629516,103501.5943471154,18.214112385272617,12346.38613319397
הגליל התחתון,,,12486,97.2128784238347,10962.983427362482,78.44311377245509,0.5615551226314643,-0.55,47874.70240020752,fixed,21624.5500143834,85660.5916125415,15.44197186190595,18412.20008933544
הגליל התחתון,,,12486,97.2128784238347,10962.983427362482,78.44311377245509,0.5615551226314643,-0.55,47874.70240020752,mobile,13893.19398051057,49635.58689356167,27.649596443297753,20153.78959441185
חיפה,77.5,4419.4,285316,75.8464299233131,10212.093674222782,74.74193548387098,0.5416232774727474,1.015,257839.61148262024,fixed,23010.96152350674,134126.6217361452,14.773677759123139,210876.2653684616
חיפה,77.5,4419.4,285316,75.8464299233131,10212.093674222782,74.74193548387098,0.5416232774727474,1.015,257839.61148262024,mobile,14072.487976263843,47252.31165094237,30.705608675642157,246738.59686088562
שפרעם,90.9,2147,42137,,6911.339523967919,56.49794801641587,-0.7815152680112539,0.164,44304.35242724419,fixed,5968.943048354503,100477.83876955042,19.290182431257495,40270.47434711456
שפרעם,90.9,2147,42137,,6911.339523967919,56.49794801641587,-0.7815152680112539,0.164,44304.35242724419,mobile,7901.376248904025,34302.74470618154,32.22015385535116,35619.997879981995
זבולון,,,13623,65.58760919033986,10569.570577793049,77.33990147783251,0.0630495604983117,0.08,33592.103163957596,fixed,32014.78913410457,103962.18759318902,11.467759664625243,18218.54013323784
זבולון,,,13623,65.58760919033986,10569.570577793049,77.33990147783251,0.0630495604983117,0.08,33592.103163957596,mobile,13475.365820756588,44158.61604005016,31.28940557443326,17822.18505191803
קריית אתא,86.0,3390.2,59030,91.97526681348467,9100.301454043847,76.95783132530121,0.24500779450520488,0.345,51295.52888774872,fixed,11197.711398289533,122849.12328202148,14.679618829980624,43147.15058040619
קריית אתא,86.0,3390.2,59030,91.97526681348467,9100.301454043847,76.95783132530121,0.24500779450520488,0.345,51295.52888774872,mobile,11929.199447360563,41043.65925611881,33.13899344102975,45490.95932292938
טבריה,111.9,2764.7,44779,92.35579177739565,6912.067118682238,61.43344709897611,-0.4764202272217788,-0.548,36652.359964847565,fixed,14434.492346482897,123690.83716929823,15.397213597750541,34360.085844516754
טבריה,111.9,2764.7,44779,92.35579177739565,6912.067118682238,61.43344709897611,-0.4764202272217788,-0.548,36652.359964847565,mobile,16182.628983022609,79827.08988124559,25.678060596708026,33860.326773643494
עמק יזרעאל,,,39043,93.48154598775709,13166.280228362148,84.08736349453977,1.1872264936359995,-0.135,109666.6372936368,fixed,20289.72551853765,99907.1043140723,15.625971211071043,68512.44422698021
עמק יזרעאל,,,39043,93.48154598775709,13166.280228362148,84.08736349453977,1.1872264936359995,-0.135,109666.6372936368,mobile,11994.247714263389,38781.89071398017,30.29417877134888,57549.65862476826
נשר,81.1,1865.5,24148,86.7318204406162,10493.455592423614,78.47533632286996,0.7158902649005088,0.314,22015.977697372437,fixed,26517.004681686998,164046.0136084791,18.921733419744196,16358.564767837524
נשר,81.1,1865.5,24148,86.7318204406162,10493.455592423614,78.47533632286996,0.7158902649005088,0.314,22015.977697372437,mobile,14020.901688569009,51258.2331803806,28.320188276474756,20723.021774291992
טירת כרמל,69.3,3900.2,23112,94.69539633091036,8694.185026827632,75.52742616033755,-0.020399778511594073,0.087,16992.842226982117,fixed,37955.79016784907,168090.2995634458,9.732331131267474,14531.618950843811
טירת כרמל,69.3,3900.2,23112,94.69539633091036,8694.185026827632,75.52742616033755,-0.020399778511594073,0.087,16992.842226982117,mobile,10811.259969842444,42445.27128861873,31.623914160771797,16546.507838249207
חוף הכרמל,,,33138,94.80354879594424,12547.119105864,76.26728110599078,0.9995554122249829,0.082,68133.30627512932,fixed,17805.113573051804,118723.1210866087,12.926070978586882,40899.883696854115
חוף הכרמל,,,33138,94.80354879594424,12547.119105864,76.26728110599078,0.9995554122249829,0.082,68133.30627512932,mobile,14278.825557989136,39585.061101418854,28.15094410799821,36909.98626857996
כפר כנא,92.1,2262.3,22751,,5848.884750352824,65.75052854122622,-1.1562844924003686,-0.067,17111.79088497162,fixed,3305.4720842955035,36738.15516701349,25.221761734633542,14247.262071371078
כפר כנא,92.1,2262.3,22751,,5848.884750352824,65.75052854122622,-1.1562844924003686,-0.067,17111.79088497162,mobile,7728.7457046758545,40717.00862340714,27.790125157604713,12154.4169216156
נוף הגליל,86.1,1270.1,41734,55.82019456558202,7750.640461454446,64.7787610619469,-0.03310731408683336,0.203,42532.71453893185,fixed,38355.17799954673,137181.82738120542,12.573618696727143,38691.3531126976
נוף הגליל,86.1,1270.1,41734,55.82019456558202,7750.640461454446,64.7787610619469,-0.03310731408683336,0.203,42532.71453893185,mobile,14702.72548461617,57869.71130822834,29.93438665067147,38343.57560920715
קריית טבעון,75.1,2199.1,18130,96.83397683397683,12344.107346617278,80.80357142857143,1.2947587018509457,0.107,16038.945555210114,fixed,19169.78392419057,108580.02307606605,21.48689490536206,15099.146884441376
קריית טבעון,75.1,2199.1,18130,96.83397683397683,12344.107346617278,80.80357142857143,1.2947587018509457,0.107,16038.945555210114,mobile,12590.649719677347,36301.844913947476,28.035580878684637,12871.735223293304
ריינה,87.6,1751.6,19001,,6365.206813843681,59.32203389830508,-1.01590575335378,0.278,12216.486035823822,fixed,5621.065078304178,68168.85503140469,19.3198198207284,11018.768167972565
נצרת,84.3,5465.1,77445,,6787.750989201427,56.486286137879915,-0.6968718299233901,0.345,53909.89621210098,fixed,9583.684583410719,89836.69389272438,17.44506635629729,52559.3369307518
נצרת,84.3,5465.1,77445,,6787.750989201427,56.486286137879915,-0.6968718299233901,0.345,53909.89621210098,mobile,9554.34032515915,24155.12027254781,32.19267301118482,45547.2842540741
דאלית אל-כרמל,71.9,1802.3,17653,,8024.3725324132165,82.44897959183673,-0.2939975577742958,-0.081,20474.461102485657,fixed,2889.2086652935873,36999.68999275705,23.183047393427128,19688.67028093338
דאלית אל-כרמל,71.9,1802.3,17653,,8024.3725324132165,82.44897959183673,-0.2939975577742958,-0.081,20474.461102485657,mobile,6871.225955854767,19197.77661559266,37.912682013225115,12871.058223724365
יפיע,84.0,4691.5,19151,,6351.499030401601,69.81132075471697,-0.9088921981726761,0.187,11652.64377784729,fixed,8655.433198313724,108185.1143907979,14.33274223158351,10757.825319290161
מגדל העמק,85.2,2945.7,25675,89.16066212268744,7684.571604119529,64.9390243902439,-0.21368778288591828,0.02,25876.9052362442,fixed,28831.567388428808,149879.06469634757,14.943187041573868,23788.14376926422
מגדל העמק,85.2,2945.7,25675,89.16066212268744,7684.571604119529,64.9390243902439,-0.21368778288591828,0.02,25876.9052362442,mobile,11609.64513673541,43633.93109229754,32.77836003512561,22680.90313243866
מגידו,,,11878,94.81394174103384,11108.865913405598,83.44370860927152,0.556612494371213,-0.082,29482.85236763954,fixed,53680.48860717767,110162.35689101738,13.097167205341934,17873.709708213806
מגידו,,,11878,94.81394174103384,11108.865913405598,83.44370860927152,0.556612494371213,-0.082,29482.85236763954,mobile,12094.04688886681,46695.152963286746,24.888455264380365,16564.40975522995
עמק המעיינות,,,13718,97.87140982650533,9140.435830745342,74.0506329113924,0.28467673960904555,-0.737,30563.392071723938,fixed,58034.61074817713,117012.19249514304,15.867216554443072,13048.142010688782
עמק המעיינות,,,13718,97.87140982650533,9140.435830745342,74.0506329113924,0.28467673960904555,-0.737,30563.392071723938,mobile,16676.53153684157,75162.95172953788,25.215614050115796,10262.552324056625
יקנעם עילית,65.9,2863.1,23796,90.86821314506639,11751.525600690296,80.56265984654732,0.8399895667147977,0.066,22191.679934501648,fixed,28381.106337597903,138521.47732593663,13.052278009574332,21478.900965690613
יקנעם עילית,65.9,2863.1,23796,90.86821314506639,11751.525600690296,80.56265984654732,0.8399895667147977,0.066,22191.679934501648,mobile,8460.325993248935,30132.02789872041,31.27081086346708,21769.86088180542
עפולה,75.1,1859.7,54250,89.13364055299539,8059.569430814524,65.64102564102564,-0.0962021273993353,0.035,59108.28130054474,fixed,28912.010524074587,169978.78350261468,12.558965987380423,51310.05941581726
עפולה,75.1,1859.7,54250,89.13364055299539,8059.569430814524,65.64102564102564,-0.0962021273993353,0.035,59108.28130054474,mobile,13862.042003145167,44469.66160471817,27.576647632046896,51787.3950278759
הגלבוע,,,30794,58.57959342729103,8918.61603304339,74.02135231316726,-0.02959285774467769,-0.417,47351.07620680332,fixed,26512.624382219296,103490.87765840566,13.060974626589017,27576.15361070633
הגלבוע,,,30794,58.57959342729103,8918.61603304339,74.02135231316726,-0.02959285774467769,-0.417,47351.07620680332,mobile,11853.00846666738,44535.43944702917,25.510868221799505,24111.92144548893
זכרון יעקב,48.3,736.1,23206,96.15616650866156,14023.469610568014,85.52971576227391,1.176343588280333,0.19,33568.538815021515,fixed,8931.168943965435,104802.09079283196,15.414569100349247,26621.56848049164
זכרון יעקב,48.3,736.1,23206,96.15616650866156,14023.469610568014,85.52971576227391,1.176343588280333,0.19,33568.538815021515,mobile,13848.020131136633,29749.043933345387,34.08523349356772,24799.617294073105
אום אל-פחם,57.8,2161.7,56109,,5851.761229429634,59.40347970173985,-1.4126285515372186,0.208,36882.73180747032,fixed,6874.113095650311,36130.88095507036,19.16615835551692,35696.40688574314
אום אל-פחם,57.8,2161.7,56109,,5851.761229429634,59.40347970173985,-1.4126285515372186,0.208,36882.73180747032,mobile,8677.659172964151,21616.928618063255,27.900127678958754,28597.649951934814
בנימינה-גבעת עדה,44.6,649.5,15847,96.35893229002335,14477.599328940947,81.97424892703863,1.3217371181597075,0.26,14878.703742027283,fixed,10330.843501124276,136815.40355334643,17.410269730553438,12902.610201358795
בנימינה-גבעת עדה,44.6,649.5,15847,96.35893229002335,14477.599328940947,81.97424892703863,1.3217371181597075,0.26,14878.703742027283,mobile,13109.56488004674,57560.77514163926,25.499939694418636,11476.588027238846
מנשה,,,20807,80.69399721247657,11501.881805011426,77.04918032786885,0.5904187387775626,0.297,57564.95087301731,fixed,35124.108746257225,111110.7779970771,12.338497007415402,31203.613872766495
מנשה,,,20807,80.69399721247657,11501.881805011426,77.04918032786885,0.5904187387775626,0.297,57564.95087301731,mobile,17652.134140719143,54522.67583070068,28.229344639012975,35817.05270028114
אור עקיבא,39.5,3420.8,18972,91.55070630402699,8248.942414876368,82.7433628318584,0.00019819257092778663,0.4,19632.373943805695,fixed,27979.162301160766,176822.6293824963,10.819855252523702,17883.668253421783
אור עקיבא,39.5,3420.8,18972,91.55070630402699,8248.942414876368,82.7433628318584,0.00019819257092778663,0.4,19632.373943805695,mobile,13192.379742906987,67361.61320668717,23.952844541185296,18564.547023296356
כפר קרע,49.3,2434.5,19018,,7492.6053739042745,59.82404692082112,-0.28619626576598123,0.259,17098.02274131775,fixed,6244.720684935392,123868.01937232188,13.803556113035192,16620.05358839035
כפר קרע,49.3,2434.5,19018,,7492.6053739042745,59.82404692082112,-0.28619626576598123,0.259,17098.02274131775,mobile,11571.40969312388,33381.53945068516,27.496940456504447,13453.940161466599
בית שאן,97.9,2499.6,18464,97.40576256499133,7713.686987094357,64.18439716312056,-0.20426606201642578,-0.607,20938.69409418106,fixed,9072.085826822798,113134.98572236003,15.691601898600426,18146.124850273132
בית שאן,97.9,2499.6,18464,97.40576256499133,7713.686987094357,64.18439716312056,-0.20426606201642578,-0.607,20938.69409418106,mobile,13519.406977268614,61043.857920398965,23.139144190960252,19028.759224414825
ערערה,50.6,2745.8,25245,,6865.307956308941,68.07387862796834,-0.7568500188182006,0.262,19221.92908525467,fixed,6339.464741841354,128112.15295040476,16.0409488955084,18522.981491565704
ערערה,50.6,2745.8,25245,,6865.307956308941,68.07387862796834,-0.7568500188182006,0.262,19221.92908525467,mobile,8339.076311154835,26429.38339316632,26.177104082201243,15847.837599754333
פרדס חנה-כרכור,40.6,1902.9,43011,96.87056799423404,10967.812502150206,75.47892720306514,0.6949186178847494,0.487,44124.87842679024,fixed,12901.400757175346,116193.43174374243,16.68484740846736,39717.91917181015
פרדס חנה-כרכור,40.6,1902.9,43011,96.87056799423404,10967.812502150206,75.47892720306514,0.6949186178847494,0.487,44124.87842679024,mobile,11314.331301622224,41551.40631825783,25.73316541096412,39086.51279067993
חדרה,32.7,1907.5,97335,91.7943185904351,9214.441538482602,68.26503923278116,0.26785364323226435,0.767,93300.77928495407,fixed,23092.242013975232,151785.64585435617,10.699297251670698,76780.72956681252
חדרה,32.7,1907.5,97335,91.7943185904351,9214.441538482602,68.26503923278116,0.26785364323226435,0.767,93300.77928495407,mobile,14881.857475244675,56816.073048317856,25.771532487024363,86114.50042152405
באקה אל-גרביה,38.9,3355.3,29950,,6983.892909630369,67.66169154228857,-0.7019318659714512,0.46,49486.27892231941,fixed,7135.1412886583275,108655.71005928739,15.375124801819956,45782.02728891373
באקה אל-גרביה,38.9,3355.3,29950,,6983.892909630369,67.66169154228857,-0.7019318659714512,0.46,49486.27892231941,mobile,7987.297314625143,22023.212816978456,40.31315051714357,45684.82996726036
עמק חפר,,,42584,97.56246477550253,12806.303378714927,81.97492163009404,1.1451841520005062,0.686,90105.95637494326,fixed,26700.84864322273,120627.66794071335,16.300803855348345,69885.30153727531
עמק חפר,,,42584,97.56246477550253,12806.303378714927,81.97492163009404,1.1451841520005062,0.686,90105.95637494326,mobile,12403.260653081345,44097.10965656207,28.620658438503185,56789.835262298584
נתניה,16.0,7149.8,221353,90.22647084069337,9045.683237393621,73.3569460842188,0.2069493443311853,1.507,145381.30890274048,fixed,34411.30368584783,180978.35435887263,10.628329028764371,142634.31366062164
נתניה,16.0,7149.8,221353,90.22647084069337,9045.683237393621,73.3569460842188,0.2069493443311853,1.507,145381.30890274048,mobile,13290.851644743325,42955.62454655894,26.52557541234525,142541.00013828278
כפר יונה,22.5,2152.6,24778,97.16280571474695,11568.799137805056,80.29850746268656,0.7763957171854569,0.877,23585.697788238525,fixed,12551.253606608861,131509.87725396562,12.642370748990727,19644.115201950073
כפר יונה,22.5,2152.6,24778,97.16280571474695,11568.799137805056,80.29850746268656,0.7763957171854569,0.877,23585.697788238525,mobile,10642.71127961202,51641.03474946589,41.63355916971657,21334.03161239624
לב השרון,,,23588,98.86806850941157,12760.06875,88.4180790960452,1.1610557281249014,0.897,52496.5997672081,fixed,9411.389668054248,130493.900799401,20.89359358687313,41993.15232181549
לב השרון,,,23588,98.86806850941157,12760.06875,88.4180790960452,1.1610557281249014,0.897,52496.5997672081,mobile,9359.300756438064,34431.75432354687,25.25500739706798,32399.481425762177
קלנסווה,23.0,2753.5,23143,,6778.793916957026,59.06432748538012,-0.8722027243570247,0.837,17177.36538887024,fixed,4386.093673717722,93509.19544429347,28.13922600115805,16256.260797977448
קלנסווה,23.0,2753.5,23143,,6778.793916957026,59.06432748538012,-0.8722027243570247,0.837,17177.36538887024,mobile,4069.7584262958753,18618.118813295056,29.930251477871675,16112.472224712372
קדימה-צורן,16.7,2162.6,22683,97.92355508530618,13262.642703929858,88.56382978723404,1.231939103917028,1.052,17682.253113746643,fixed,11590.809872209165,127887.66412824272,14.473357220074249,16021.246860027313
קדימה-צורן,16.7,2162.6,22683,97.92355508530618,13262.642703929858,88.56382978723404,1.231939103917028,1.052,17682.253113746643,mobile,11905.640832631316,44600.051634591786,32.79482679182632,16455.00891828537
אבן יהודה,14.4,1672.7,13826,98.4304932735426,14482.877539532936,83.9622641509434,1.499467404271238,1.201,20348.94654083252,fixed,10051.146754534198,118180.59877045582,12.834552128680816,18302.10294532776
אבן יהודה,14.4,1672.7,13826,98.4304932735426,14482.877539532936,83.9622641509434,1.499467404271238,1.201,20348.94654083252,mobile,9820.680472931203,37237.565377187355,24.362041518626967,18658.067876815796
חוף השרון,,,14425,93.07452339688042,13412.732596793117,93.82716049382715,1.3022900241576423,1.27,36421.386360645294,fixed,24927.107745996927,134770.15248996866,12.124146095443269,25581.918787240982
חוף השרון,,,14425,93.07452339688042,13412.732596793117,93.82716049382715,1.3022900241576423,1.27,36421.386360645294,mobile,13917.508367832845,63976.82444123651,24.131406293806837,25742.42157292366
טייבה,20.5,2325,43957,,6438.237671321797,74.27536231884058,-0.8221433437552953,0.929,11560.906931877136,mobile,9837.614406729352,13752.859979613317,26.653741043373078,10165.088616371155
תל מונד,15.3,1843.6,13144,98.7446743761412,14684.625766148043,91.48148148148148,1.3674141374822681,0.987,11279.705346107483,fixed,6086.3371472717035,128271.14711844901,14.874957548039383,11272.005285263062
תל מונד,15.3,1843.6,13144,98.7446743761412,14684.625766148043,91.48148148148148,1.3674141374822681,0.987,11279.705346107483,mobile,9701.49101550221,36892.49233368694,23.254168269821427,10329.101251602173
טירה,13.1,2236.8,26552,,6987.973112778535,62.47544204322201,-0.40644870347197215,1.152,39197.59084606171,fixed,5235.536692913329,64068.49124520384,26.422051093760217,36758.89019393921
טירה,13.1,2236.8,26552,,6987.973112778535,62.47544204322201,-0.40644870347197215,1.152,39197.59084606171,mobile,9505.569839394615,37187.285337512585,26.83356691366972,37357.332280635834
דרום השרון,,,33946,97.89665940022388,13702.475364496382,92.24137931034483,1.3840564635457258,1.549,97876.41753983498,fixed,25247.14876527256,113340.98051947898,13.29798077552775,73702.08302021027
דרום השרון,,,33946,97.89665940022388,13702.475364496382,92.24137931034483,1.3840564635457258,1.549,97876.41753983498,mobile,15900.079654025027,55008.41209640019,24.2759107322858,74234.97282719612
רעננה,2.3,5077.4,75421,96.98227284178147,13080.299004455384,87.74928774928775,1.2151317232080512,2.022,68680.64324140549,fixed,34092.72669739826,161425.3957150032,11.546931928744376,67863.2421836853
רעננה,2.3,5077.4,75421,96.98227284178147,13080.299004455384,87.74928774928775,1.2151317232080512,2.022,68680.64324140549,mobile,12445.773940235327,43448.61343106308,29.86349712395799,68026.13826560974
כפר סבא,6.8,7001.2,101432,96.01703604385204,12773.232595923624,81.35593220338984,1.1717405869294317,1.951,73506.92982006073,fixed,37217.641495432734,168356.58899534264,9.955399100242504,72294.58406162262
כפר סבא,6.8,7001.2,101432,96.01703604385204,12773.232595923624,81.35593220338984,1.1717405869294317,1.951,73506.92982006073,mobile,12992.883295112428,47605.42000663761,29.066689237822132,71954.2562122345
הרצלייה,0.0,4490.7,97470,94.78301015697137,12612.22573241236,84.38438438438438,1.2206626800639666,2.137,142947.67337322235,fixed,30749.296950157797,155970.17670935043,11.520632771020546,137336.7238330841
הרצלייה,0.0,4490.7,97470,94.78301015697137,12612.22573241236,84.38438438438438,1.2206626800639666,2.137,142947.67337322235,mobile,14181.166774114587,57035.0763258556,25.180680520923158,138117.87001991272
כפר שמריהו,0.0,,1938,96.13003095975232,15714.171947613013,,2.068021778496841,1.691,10316.66897392273,mobile,10598.669774963719,29942.2304050998,26.200302029618612,10093.97982788086
הוד השרון,5.2,3278.3,63175,97.7174515235457,14612.00888240753,86.50385604113112,1.4913071601498882,2.257,52652.6235742569,fixed,32531.267513941195,157386.48244185897,12.561767123162314,47896.56910324097
הוד השרון,5.2,3278.3,63175,97.7174515235457,14612.00888240753,86.50385604113112,1.4913071601498882,2.257,52652.6235742569,mobile,11883.444304650693,49260.50000607358,28.577998190844585,48050.761523246765
רמת השרון,0.0,2840.1,47245,98.28976611281617,14603.700543038156,79.26421404682274,1.6058992944672745,2.4,96795.3718585968,fixed,26169.433350904874,143631.7240658646,14.42439223496027,83378.0068283081
רמת השרון,0.0,2840.1,47245,98.28976611281617,14603.700543038156,79.26421404682274,1.6058992944672745,2.4,96795.3718585968,mobile,14565.005702001163,58829.37279792124,27.787632957002995,90164.73819541931
תל אביב -יפו,0.0,8894.1,460613,89.93037539105497,12273.2970716611,74.38891906572515,1.1130585632240448,4.228,505642.2391433716,fixed,36384.00435843257,161622.45480529332,10.026244297042936,490356.9568710327
תל אביב -יפו,0.0,8894.1,460613,89.93037539105497,12273.2970716611,74.38891906572515,1.1130585632240448,4.228,505642.2391433716,mobile,18819.29288697794,67454.31293879343,25.063471504438965,500788.50046157837
כפר קאסם,11.3,2559.3,23823,,6425.510896303225,70.65637065637065,-0.7931535356326685,1.427,34578.92008781433,fixed,10528.041424788787,56326.480037244124,20.411946318046592,32174.131125450134
כפר קאסם,11.3,2559.3,23823,,6425.510896303225,70.65637065637065,-0.7931535356326685,1.427,34578.92008781433,mobile,8854.180339082312,29855.861315961516,33.86860341589085,28424.495601654053
פתח תקווה,4.2,6960.9,247956,91.58479730274726,10757.545419843187,74.83595800524935,0.6482917408050098,3.072,170909.15119171143,fixed,40779.14780394091,166185.63841278048,10.77599243910964,160158.09513282776
פתח תקווה,4.2,6960.9,247956,91.58479730274726,10757.545419843187,74.83595800524935,0.6482917408050098,3.072,170909.15119171143,mobile,15245.144311116648,51259.865731683334,25.352925027868483,165636.54310512543
ראש העין,11.5,3897.5,61801,97.67803109982039,11213.701126901182,75.25035765379113,0.7004707124070141,1.683,57066.01501226425,fixed,19937.972324260252,136890.014568129,12.003152499163187,54673.596312999725
ראש העין,11.5,3897.5,61801,97.67803109982039,11213.701126901182,75.25035765379113,0.7004707124070141,1.683,57066.01501226425,mobile,11566.453745892375,51795.88204041952,36.24822792487253,53955.092232227325
בני ברק,0.0,27847.9,204639,99.305606458202,6223.985380833996,6.216301934665398,-1.3919555302199493,4.0,78146.15857505798,fixed,21464.237456800103,97957.74750524205,15.523492688868835,74041.51197052002
בני ברק,0.0,27847.9,204639,99.305606458202,6223.985380833996,6.216301934665398,-1.3919555302199493,4.0,78146.15857505798,mobile,15512.871163225042,48606.617183975235,28.739669759069972,78040.44877433777
רמת גן,0.0,9971.7,163480,93.23770491803279,11569.685158726144,83.89647735442128,1.0446056828651662,4.081,158360.51797103882,fixed,35130.59449306405,163197.0575807467,9.869987155608005,154686.00073051453
רמת גן,0.0,9971.7,163480,93.23770491803279,11569.685158726144,83.89647735442128,1.0446056828651662,4.081,158360.51797103882,mobile,16224.962725948166,59089.44168641434,25.6416609320951,158360.51797103882
גבעת שמואל,0.6,10330.9,26578,98.51380841297313,13281.635880159336,90.75630252100841,1.1290658120946426,3.876,19718.996728897095,fixed,41807.16632637534,182315.8961709352,7.808860449183819,19718.996728897095
גבעת שמואל,0.6,10330.9,26578,98.51380841297313,13281.635880159336,90.75630252100841,1.1290658120946426,3.876,19718.996728897095,mobile,14884.073416929315,44380.739812705455,29.07571482757298,19718.996728897095
גבעתיים,0.0,18703.6,60644,96.60642437833916,13304.262238581228,92.78557114228457,1.4531888368451982,4.708,40352.200355529785,fixed,40086.56078551843,186183.98201156408,9.703858753306687,40352.200355529785
גבעתיים,0.0,18703.6,60644,96.60642437833916,13304.262238581228,92.78557114228457,1.4531888368451982,4.708,40352.200355529785,mobile,17248.51326012919,62002.65880964145,24.770639629846652,40352.200355529785
קריית אונו,0.0,8941.1,40409,97.33970155163453,14825.461745875848,89.46135831381733,1.5399519212952797,3.16,38183.15548324585,fixed,40849.58530208917,178367.9616123409,10.920144950051267,38183.15548324585
קריית אונו,0.0,8941.1,40409,97.33970155163453,14825.461745875848,89.46135831381733,1.5399519212952797,3.16,38183.15548324585,mobile,9694.992249273,29301.041937436275,28.025315640733762,38183.15548324585
גני תקווה,1.9,9665.5,20398,98.4753407196784,14719.958288884147,83.60655737704919,1.4108186661136528,2.882,11323.483602523804,fixed,34603.653125941135,176561.4660969135,13.294493751790801,11323.483602523804
גני תקווה,1.9,9665.5,20398,98.4753407196784,14719.958288884147,83.60655737704919,1.4108186661136528,2.882,11323.483602523804,mobile,15280.282198541368,34998.40921320311,22.83943726717946,11157.77420425415
חבל מודיעין,,,23764,98.85961959266116,12203.015774727279,82.82548476454294,0.8659381017094484,1.443,94932.09445130825,fixed,18426.888772212296,104319.6424602384,16.08828799182053,56117.240025520325
חבל מודיעין,,,23764,98.85961959266116,12203.015774727279,82.82548476454294,0.8659381017094484,1.443,94932.09445130825,mobile,15194.512895179514,43015.732398190776,28.055092750772378,60177.30851793289
אלעד,11.4,13982,48763,99.97744191292578,6705.589068126881,28.612167300380225,-1.3800467006766772,1.511,12715.764636993408,fixed,3979.7419194358295,54034.924047469,26.369157941594793,12291.061925888062
אלעד,11.4,13982,48763,99.97744191292578,6705.589068126881,28.612167300380225,-1.3800467006766772,1.511,12715.764636993408,mobile,11643.228075692612,52346.224287791134,35.999166332053626,12582.462188720703
סביון,1.5,,4036,98.38949454905847,17941.354501338687,94.04761904761905,2.320491344049602,2.605,13507.918663024902,fixed,12961.734364089018,106865.01904930308,12.066860905612073,13396.340700149536
סביון,1.5,,4036,98.38949454905847,17941.354501338687,94.04761904761905,2.320491344049602,2.605,13507.918663024902,mobile,7939.1495352659285,43712.44231652771,54.18195560635678,13255.85979270935
יהוד,2.0,5203.6,29928,98.0787222667736,11702.482981220657,85.45918367346938,1.01122930356644,2.274,31174.619395256042,fixed,36894.01563019513,175586.05995032465,9.445306290733154,28469.610849380493
יהוד,2.0,5203.6,29928,98.0787222667736,11702.482981220657,85.45918367346938,1.01122930356644,2.274,31174.619395256042,mobile,15158.792789571771,42881.866949684896,23.811381895576012,30350.980465888977
אור יהודה,0.0,5524.4,36813,97.59324151794203,8543.171004876942,72.31404958677686,0.11967748705139193,2.482,43426.99787044525,fixed,20703.560206202896,137180.21813527832,11.313300801355703,40771.4282579422
אור יהודה,0.0,5524.4,36813,97.59324151794203,8543.171004876942,72.31404958677686,0.11967748705139193,2.482,43426.99787044525,mobile,17852.090161558506,65944.90745887147,26.75788903136536,42577.024065971375
חולון,0.0,10301.8,196282,91.69969737418612,9631.721185160879,76.6743648960739,0.48236522159215545,3.127,181365.9713191986,fixed,37892.35356997265,165301.8950116888,8.953661592001687,175933.42583465576
חולון,0.0,10301.8,196282,91.69969737418612,9631.721185160879,76.6743648960739,0.48236522159215545,3.127,181365.9713191986,mobile,14440.199819247035,51315.52976657035,25.565365871064948,179767.5008277893
אזור,0.0,5841.3,12957,93.79485992127807,9806.457346420073,76.66666666666667,0.592796212706079,2.899,23449.784690856934,fixed,26306.46265832701,172070.84181916623,9.905830389854172,22993.37529373169
אזור,0.0,5841.3,12957,93.79485992127807,9806.457346420073,76.66666666666667,0.592796212706079,2.899,23449.784690856934,mobile,15808.11753564179,65250.581854371354,25.036735305040125,23449.784690856934
בת ים,0.0,15765.8,129013,78.50216644834242,7732.186787927496,74.0340030911901,-0.02444173053421453,2.777,77924.11627960205,fixed,34945.34977390163,188373.10378709456,10.644643400770807,76726.42445755005
בת ים,0.0,15765.8,129013,78.50216644834242,7732.186787927496,74.0340030911901,-0.02444173053421453,2.777,77924.11627960205,mobile,15333.849351047138,56619.72487513358,25.340014438188692,77372.553150177
שדות דן,,,15693,99.52207990823935,10008.350687541419,56.62650602409639,0.2549037934802032,2.0638341426097857,62472.2133231163,fixed,11875.20717500969,108723.0934643693,15.302527956899329,41186.00083065033
שדות דן,,,15693,99.52207990823935,10008.350687541419,56.62650602409639,0.2549037934802032,2.0638341426097857,62472.2133231163,mobile,16124.557425376415,52564.30181582528,24.68483488399954,48113.667414188385
שוהם,12.3,2930.2,21045,99.17320028510335,15412.67699627577,91.90871369294605,1.6714741439745384,1.313,19663.821630477905,fixed,48841.79137939505,174216.3965586645,8.847025910034267,17303.18906021118
שוהם,12.3,2930.2,21045,99.17320028510335,15412.67699627577,91.90871369294605,1.6714741439745384,1.313,19663.821630477905,mobile,12595.33278924739,44830.18368590708,25.356248282240244,18478.122592926025
ראשון לציון,3.5,4292.7,254384,90.9754544310963,10700.189963010655,81.73043778007583,0.8025299096271193,2.846,245911.1980791092,fixed,35153.406417074024,150111.71328959984,10.755337226912433,211636.08236408234
ראשון לציון,3.5,4292.7,254384,90.9754544310963,10700.189963010655,81.73043778007583,0.8025299096271193,2.846,245911.1980791092,mobile,16518.62750305791,56086.58184414316,25.623309380417407,228325.82030630112
לוד,12.5,6375.4,77223,61.38067674138534,7734.762526457663,57.065217391304344,-0.5224271662507819,1.779,59453.58706188202,fixed,25773.724968368784,130513.63818927259,14.711079907031463,56822.177433013916
לוד,12.5,6375.4,77223,61.38067674138534,7734.762526457663,57.065217391304344,-0.5224271662507819,1.779,59453.58706188202,mobile,12699.842195420644,42826.45837740785,24.00699764322002,58897.91110229492
באר יעקב,9.5,2934.5,27768,96.19706136560069,12017.028707559257,71.27272727272728,0.7616738365673803,1.952,33014.13469982147,fixed,38642.04680310602,166783.15381077715,12.473651077319381,27331.84007167816
באר יעקב,9.5,2934.5,27768,96.19706136560069,12017.028707559257,71.27272727272728,0.7616738365673803,1.952,33014.13469982147,mobile,9276.192593509371,26064.69764301939,30.278743621231175,31267.714126586914
גן רווה,,,6517,97.75970538591376,13900.15272441495,90.42553191489363,1.3243141955364692,1.565,24827.214460611343,fixed,10373.009352220664,117026.06554032404,15.384393859511087,17178.514218330383
גן רווה,,,6517,97.75970538591376,13900.15272441495,90.42553191489363,1.3243141955364692,1.565,24827.214460611343,mobile,14330.738783309662,57058.85636226445,22.23486558793745,16506.185428619385
נס ציונה,8.6,3212.4,50351,97.96627673730413,13816.149187592318,87.74583963691377,1.3169587968666394,2.231,54044.208243370056,fixed,33994.72033936936,156198.77135302682,10.230847140837,50239.78632354736
נס ציונה,8.6,3212.4,50351,97.96627673730413,13816.149187592318,87.74583963691377,1.3169587968666394,2.231,54044.208243370056,mobile,14972.183923608161,39983.96718227516,24.652194774832513,50374.248010635376
רמלה,11.0,6358.4,76246,70.99782283660782,7825.542700331323,64.84848484848484,-0.2974315679984655,1.972,73777.21238708496,fixed,27882.115449728357,146615.7046670856,10.260696185197654,65955.69056034088
רמלה,11.0,6358.4,76246,70.99782283660782,7825.542700331323,64.84848484848484,-0.2974315679984655,1.972,73777.21238708496,mobile,14467.962418362089,38763.35239465208,24.741382071500205,70742.91564846039
גזר,,,27167,98.81473846946663,13058.356300310832,85.96938775510205,1.0734120054094953,1.125,90468.14407396317,fixed,17777.947401968195,109670.72045045924,14.533574660944554,51047.19836449623
גזר,,,27167,98.81473846946663,13058.356300310832,85.96938775510205,1.0734120054094953,1.125,90468.14407396317,mobile,14879.376120244266,57779.786803291914,25.278183999978758,52838.79248213768
מודיעין-מכבים-רעות,24.8,1930.2,93277,97.86013701126751,14733.908492942004,90.9192200557103,1.391256363868194,1.134,71474.09693717957,fixed,37709.259260706545,163212.77822535747,10.451620371430254,62547.23734283447
מודיעין-מכבים-רעות,24.8,1930.2,93277,97.86013701126751,14733.908492942004,90.9192200557103,1.391256363868194,1.134,71474.09693717957,mobile,12166.813098284787,52432.23278139935,32.003607846111784,65842.83587408066
רחובות,13.0,6057,143904,94.23087613964866,11061.870011546776,77.01223438506118,0.6559468565456084,1.885,113108.87643194199,fixed,37624.00421513262,156060.7591295794,9.229878895115098,107496.02994918823
רחובות,13.0,6057,143904,94.23087613964866,11061.870011546776,77.01223438506118,0.6559468565456084,1.885,113108.87643194199,mobile,13607.354797345093,43242.14882966931,24.79108296772302,111091.99168920517
יבנה,14.7,2907.5,47585,97.20079857097825,10515.485445096961,79.76653696498055,0.524052046454579,1.258,58660.34626078606,fixed,37234.536487605386,153456.62023615587,13.507960323490792,49621.35702562332
יבנה,14.7,2907.5,47585,97.20079857097825,10515.485445096961,79.76653696498055,0.524052046454579,1.258,58660.34626078606,mobile,15277.895477566197,53895.22629268585,22.92435452368389,55096.071936130524
ברנר,,,8086,98.29334652485778,13695.50463472834,76.76767676767676,1.284982229510004,1.212,33467.80742096901,fixed,21955.52751772556,122860.44219125634,16.815559501929158,15814.231794834137
ברנר,,,8086,98.29334652485778,13695.50463472834,76.76767676767676,1.284982229510004,1.212,33467.80742096901,mobile,10586.647583211858,30064.27402271631,25.05107991662028,17606.64977312088
חבל יבנה,,,7025,99.1459074733096,10870.460252302762,84.31372549019608,-0.041099724475921764,0.927,38220.97628080845,fixed,12429.169305270014,103379.52725338348,13.949911877288002,12151.414484262466
חבל יבנה,,,7025,99.1459074733096,10870.460252302762,84.31372549019608,-0.041099724475921764,0.927,38220.97628080845,mobile,14522.572006477214,46058.31198854196,25.22618777246182,23106.756026268005
קריית עקרון,16.2,4716.2,11001,96.18216525770384,8518.994366778741,72.46376811594203,0.137844417674351,1.428,14010.581033706665,fixed,7389.964724810875,103598.00102198443,15.460520346408087,13132.648174285889
קריית עקרון,16.2,4716.2,11001,96.18216525770384,8518.994366778741,72.46376811594203,0.137844417674351,1.428,14010.581033706665,mobile,13556.469554901852,41665.524438257686,24.93508471984546,11862.918746948242
אשדוד,28.3,4864,225939,89.4630851690058,8808.093547727845,56.99017908723282,-0.13140517687209405,1.255,174143.86523747444,fixed,31757.727770220543,138464.78737261816,10.337264140011555,135276.34320306778
אשדוד,28.3,4864,225939,89.4630851690058,8808.093547727845,56.99017908723282,-0.13140517687209405,1.255,174143.86523747444,mobile,13062.671025737827,40586.53740471131,26.768614262160156,160849.5794494152
מזכרת בתיה,19.7,1998.4,14837,98.4430814854755,14271.368764661622,83.89261744966443,1.2634942167058087,1.039,16322.996699094772,fixed,14747.460774224266,115124.9156315111,15.176200662478376,14297.1674015522
מזכרת בתיה,19.7,1998.4,14837,98.4430814854755,14271.368764661622,83.89261744966443,1.2634942167058087,1.039,16322.996699094772,mobile,10651.542198052095,41557.040980007405,26.886554798314062,13211.167653083801
מטה יהודה,,,60681,88.85483100146669,11233.350750596392,75.03168567807352,0.734000075643023,0.409,259704.86718428135,fixed,17352.03763685474,94014.82014498734,16.44409370824312,185692.86308717728
מטה יהודה,,,60681,88.85483100146669,11233.350750596392,75.03168567807352,0.734000075643023,0.409,259704.86718428135,mobile,14210.681534049289,38604.2563757438,27.602317767618544,171614.1804265976
גדרות,,,5224,98.8323124042879,14814.734501248715,81.25,1.705092641511911,0.812,19817.799107789993,fixed,5926.863880121165,100502.35933146227,16.871783549889074,13235.053419351578
גדרה,23.3,2476.4,28313,97.46406244481334,12021.249803283137,87.70301624129931,0.7529954589350436,0.928,28011.24401330948,fixed,13857.160488127216,134163.42125171574,12.792457751879256,22933.030619621277
גדרה,23.3,2476.4,28313,97.46406244481334,12021.249803283137,87.70301624129931,0.7529954589350436,0.928,28011.24401330948,mobile,11269.32956733607,32301.59027518231,28.365973663028967,23771.64109325409
נחל שורק,,,9779,99.85683607730851,10047.429273567286,71.42857142857143,-0.08284344247164446,0.657,33767.050236701965,fixed,104251.02546291109,97879.25327976514,8.850566108026102,11197.871836662292
נחל שורק,,,9779,99.85683607730851,10047.429273567286,71.42857142857143,-0.08284344247164446,0.657,33767.050236701965,mobile,12770.998523044838,28646.600058575503,29.384353547706382,18149.54561662674
באר טוביה,,,23744,98.445923180593,11685.718933333334,77.31092436974791,0.8584190507046495,0.559,129448.29709780216,fixed,9829.237199732494,106645.48263845482,15.132066101263284,69556.33453023434
באר טוביה,,,23744,98.445923180593,11685.718933333334,77.31092436974791,0.8584190507046495,0.559,129448.29709780216,mobile,12016.367854918102,38313.41566175459,28.529385078092655,63733.28644359112
אבו גוש,41.0,4076.3,7698,,7271.277452159103,59.29203539823009,-0.7825133463995217,0.739,20765.101013183594,fixed,3799.460104747904,36902.24049533017,15.620821158782242,19825.728355407715
אבו גוש,41.0,4076.3,7698,,7271.277452159103,59.29203539823009,-0.7825133463995217,0.739,20765.101013183594,mobile,13665.861122778299,23460.570720237905,27.910970260024428,19536.181926727295
מבשרת ציון,44.5,3819.6,24052,96.44104440379178,12332.567632748931,80.73089700996677,1.0579791478655884,0.927,48143.5811920166,fixed,14481.109618015069,134984.48990121818,16.04320831352876,46874.6822013855
מבשרת ציון,44.5,3819.6,24052,96.44104440379178,12332.567632748931,80.73089700996677,1.0579791478655884,0.927,48143.5811920166,mobile,10760.25789195772,29903.220704158,29.51147407137352,44573.82061767578
ירושלים,53.1,7428.2,936425,60.14598072456417,7635.669511406669,38.31685555823487,-1.040957140517578,3.453,678807.5360665321,fixed,24617.015844753674,121355.70499219459,15.573043464390937,651452.9299736023
ירושלים,53.1,7428.2,936425,60.14598072456417,7635.669511406669,38.31685555823487,-1.040957140517578,3.453,678807.5360665321,mobile,15398.632348803185,50638.88764056038,32.40797293479157,665318.0422224998
גן יבנה,30.5,2085.5,23869,96.43470610415183,11794.689923949038,84.5360824742268,0.7606532149146541,0.667,27983.02902841568,fixed,8552.158308020858,95189.83770888892,15.343177382026717,24897.33228778839
גן יבנה,30.5,2085.5,23869,96.43470610415183,11794.689923949038,84.5360824742268,0.7606532149146541,0.667,27983.02902841568,mobile,7756.622953245973,31693.61073450632,32.57378356943448,21544.716195106506
יואב,,,9040,95.42035398230088,13390.067976341361,83.5820895522388,1.0629979635833327,0.213,31299.000156879425,fixed,36480.52751870076,85793.27913139321,11.615165673203549,11374.476464509964
בית שמש,41.9,3263.4,124957,98.32742463407412,7163.274030573179,35.68702290076336,-1.3376783387167979,0.621,159185.4897608757,fixed,18601.151108669826,108298.69049307553,14.936411531121475,143417.83901405334
בית שמש,41.9,3263.4,124957,98.32742463407412,7163.274030573179,35.68702290076336,-1.3376783387167979,0.621,159185.4897608757,mobile,11550.215611639802,30751.12160243098,28.54932045324482,152279.74010849
חוף אשקלון,,,17957,97.4104805925266,11189.106292823657,79.16666666666666,0.640490590127331,0.147,38471.802570164204,fixed,12186.224306836191,94764.78409503534,19.66141880870109,15935.476127147675
חוף אשקלון,,,17957,97.4104805925266,11189.106292823657,79.16666666666666,0.640490590127331,0.147,38471.802570164204,mobile,14567.011020176315,57067.261632767186,30.121984141402308,17077.421352505684
קריית מלאכי,34.9,5183.2,23819,98.02258701036988,6986.752659266967,65.20376175548589,-0.5529963150276075,0.519,17772.401292800903,fixed,15708.896483050641,169310.13050191404,11.371379650760224,15945.877304077148
קריית מלאכי,34.9,5183.2,23819,98.02258701036988,6986.752659266967,65.20376175548589,-0.5529963150276075,0.519,17772.401292800903,mobile,12336.497403858068,37913.420685863464,27.990049333957316,17428.558000564575
שפיר,,,11204,99.66083541592289,9593.713453608247,76.70454545454545,-0.10571390982226384,0.14670171968597145,38401.355487942696,fixed,12960.204118973706,71709.27932801555,15.907547824799922,11979.614027738571
שפיר,,,11204,99.66083541592289,9593.713453608247,76.70454545454545,-0.10571390982226384,0.14670171968597145,38401.355487942696,mobile,9890.629140133304,37115.09109253685,63.22627239593313,12822.273530721664
אשקלון,43.8,3176.1,144073,86.39786774760017,8557.932587692263,72.03682393555812,-0.014441984831174887,0.54,126114.29376506805,fixed,34484.34211249389,167179.82435220917,15.628918973863387,109767.52764320374
אשקלון,43.8,3176.1,144073,86.39786774760017,8557.932587692263,72.03682393555812,-0.014441984831174887,0.54,126114.29376506805,mobile,13003.58168824459,40621.83579926931,29.50131150190036,115845.78978919983
לכיש,,,12720,98.83647798742139,10598.965788361706,72.72727272727273,0.5595882313231355,-0.126,19963.445956349373,fixed,6193.929257617517,132445.34490456642,19.609185158865486,11135.04831290245
קריית גת,49.5,3605.8,57105,93.63453287803169,7597.5653718899675,63.7956204379562,-0.36276276771191057,0.18,52008.25739359856,fixed,29914.96744741266,136533.72924917855,13.794384708946298,43514.38034248352
קריית גת,49.5,3605.8,57105,93.63453287803169,7597.5653718899675,63.7956204379562,-0.36276276771191057,0.18,52008.25739359856,mobile,12816.216637600906,37017.465448425624,33.60474442831185,50932.656502723694
שער הנגב,,,8401,92.4294726818236,11164.646246547829,62.35294117647059,0.9272687269810268,-0.26766449769547734,19528.73583972454,mobile,13762.440057460386,47267.67707925217,27.00707918967725,12676.18756055832
שדרות,60.7,4378.2,27635,93.5516555093179,8180.024592378536,78.44311377245509,-0.15216207164959672,-0.163,22728.48867702484,fixed,22666.73694231479,128887.29615556439,14.05727155857832,20664.017426490784
שדרות,60.7,4378.2,27635,93.5516555093179,8180.024592378536,78.44311377245509,-0.15216207164959672,-0.163,22728.48867702484,mobile,10047.440764318058,38541.05894075646,26.486714755963465,22643.10475254059
שדות נגב,,,10778,99.7773241788829,9664.729206349206,72.3404255319149,0.17089540510079423,-0.38974985599077866,26338.70531708002,fixed,14308.639927551341,157216.79558519542,17.683428476474553,13215.692357301712
שדות נגב,,,10778,99.7773241788829,9664.729206349206,72.3404255319149,0.17089540510079423,-0.38974985599077866,26338.70531708002,mobile,17252.71483579549,84811.38107572665,29.71439051986591,13818.165630102158
בני שמעון,,,10860,98.21362799263352,12725.706440986824,76.87074829931973,0.8445691293621733,-0.428,39743.56602144241,fixed,35103.3968428036,66562.60480539445,13.165423802163874,10758.916003584862
בני שמעון,,,10860,98.21362799263352,12725.706440986824,76.87074829931973,0.8445691293621733,-0.428,39743.56602144241,mobile,15636.536267275065,62837.59995931461,24.60743373779374,16204.27638578415
אשכול,,,14467,95.36185802170456,9580.983328269785,80.43478260869566,0.36286262143768483,-0.852,30191.976740419865,fixed,34491.587085418454,106797.43349774479,15.496348218261526,13039.968590021133
נתיבות,72.7,2454.7,37542,96.57716690639816,7179.858646883282,62.585034013605444,-0.7157593726800388,-0.316,26447.943197965622,fixed,15869.152561436453,130659.51889319421,14.321584465658553,24855.640505313873
נתיבות,72.7,2454.7,37542,96.57716690639816,7179.858646883282,62.585034013605444,-0.7157593726800388,-0.316,26447.943197965622,mobile,8687.485565782748,34552.325247737695,31.728887438406833,25380.187870502472
רהט,74.9,2203.9,71437,,5719.184035155496,57.43415463041631,-1.9161508564362022,-0.162,41609.94162631035,fixed,5704.97596116441,38922.74244999592,20.72076324483973,35171.33887052536
רהט,74.9,2203.9,71437,,5719.184035155496,57.43415463041631,-1.9161508564362022,-0.162,41609.94162631035,mobile,9803.00940582061,18426.350083122394,32.95913790576266,17193.34997200966
מיתר,92.4,242.6,9418,96.72966659588023,15718.294066820277,88.23529411764706,1.5760602201928258,-0.587,12326.400715470314,fixed,5281.009529478725,84157.99408141294,19.248441949030695,11858.203818798065
מיתר,92.4,242.6,9418,96.72966659588023,15718.294066820277,88.23529411764706,1.5760602201928258,-0.587,12326.400715470314,mobile,8331.73424902906,28481.670324483803,36.24075480003691,11353.750588417053
אופקים,86.8,2954.1,30662,92.83151783967125,7547.109101933091,50.24271844660194,-0.7032211210064716,-0.492,19548.227117538452,fixed,13492.499936362265,117086.32619488545,16.511429098526673,17501.512999534607
אופקים,86.8,2954.1,30662,92.83151783967125,7547.109101933091,50.24271844660194,-0.7032211210064716,-0.492,19548.227117538452,mobile,17268.461160449046,48283.80475242947,25.821593215123887,17666.976671218872
באר שבע,90.0,1786.1,209687,86.46411079370681,9136.266449433377,76.11754966887418,0.03929799733055273,0.194,176057.6821885109,fixed,34285.561706815155,155237.1341590267,12.290397663986699,152418.69847536087
באר שבע,90.0,1786.1,209687,86.46411079370681,9136.266449433377,76.11754966887418,0.03929799733055273,0.194,176057.6821885109,mobile,14729.716900836058,51571.8048431533,27.898397680383464,166220.94494390488
עומר,92.3,413.3,7530,96.16201859229747,16814.8800944334,86.88524590163934,1.900232860696077,-0.375,14336.32375741005,fixed,45007.12311066318,211351.5898230664,10.462558418204026,13771.401015758514
עומר,92.3,413.3,7530,96.16201859229747,16814.8800944334,86.88524590163934,1.900232860696077,-0.375,14336.32375741005,mobile,11679.329078135333,46656.03561078034,29.46791913606644,13451.975364208221
ערד,123.2,212.1,26756,81.04350426072656,7845.56309503449,51.47540983606558,-0.47439590209715227,-0.965,16637.61131259799,fixed,27604.713761379997,134001.23571121856,16.508614763190305,15117.28121227026
ערד,123.2,212.1,26756,81.04350426072656,7845.56309503449,51.47540983606558,-0.47439590209715227,-0.965,16637.61131259799,mobile,13950.090304302543,34497.206361379656,28.024155279834076,15389.429795324802
דימונה,127.8,156.5,34500,89.86376811594202,9478.511028665302,69.32849364791288,-0.2737452049547195,-0.971,20131.109480381012,fixed,11742.857639107626,105249.7735655134,16.449107439705674,18209.575185775757
דימונה,127.8,156.5,34500,89.86376811594202,9478.511028665302,69.32849364791288,-0.2737452049547195,-0.971,20131.109480381012,mobile,13984.710771007092,37217.887862159674,27.922660049472963,17226.501838684082
אילת,321.4,530.5,52299,79.83135432799862,8521.735118126482,66.28242074927954,0.24736963508393703,-2.483,28073.90142032504,fixed,20528.895238458448,122843.78329336076,15.172520696555077,26312.346833229065
אילת,321.4,530.5,52299,79.83135432799862,8521.735118126482,66.28242074927954,0.24736963508393703,-2.483,28073.90142032504,mobile,17304.930773272492,48183.26058009027,25.669225749453293,25117.610511302948
